Прізвище,Ім'я,Предмет,Фідбек викладача,Оцінка фідбека
Сидоренко,Олександр,Українська мова,Ви - справжні майстри своєї справи!,Позитивний
Петров,Марія,Українська мова,Це середнього рівня виконана робота.,Нейтральний
Смирнов,Ольга,Українська мова,Потрібно покращити виконання.,Негативний
Сидоренко,Іван,Фізика,Ви - справжні аматори.,Негативний
Коваленко,Ольга,Історія,Результати суттєво не вражають.,Негативний
Петров,Ольга,Біологія,Результати суттєво не вражають.,Негативний
Смирнов,Сергій,Біологія,Ваша професійність надзвичайна!,Позитивний
Коваленко,Ольга,Біологія,Ви - справжні герої!,Позитивний
Коваленко,Ольга,Фізика,Ваша робота нормальна.,Нейтральний
Коваленко,Олександр,Історія,Ви могли б зробити краще.,Негативний
Смирнов,Марія,Біологія,Робота залишає бажати кращого.,Негативний
Петров,Марія,Біологія,Виконання завдання - це стандарт.,Нейтральний
Смирнов,Сергій,Біологія,Це середнього класу виконана робота.,Нейтральний
Петров,Сергій,Історія,Ви - справжні чарівники!,Позитивний
Сидоренко,Іван,Біологія,Завдання виконано без особливого фанфаронства.,Нейтральний
Іванов,Марія,Історія,Результати досить середні.,Нейтральний
Іванов,Ольга,Біологія,"Робота прийнятна, але не вражає.",Нейтральний
Коваленко,Ольга,Історія,Ви - справжні герої!,Позитивний
Петров,Ольга,Біологія,Результати далекі від задоволення.,Негативний
Коваленко,Ольга,Історія,Потрібно надати більше зусиль для покращення роботи.,Негативний
Сидоренко,Сергій,Історія,Результати в міру нормальні.,Нейтральний
Коваленко,Іван,Історія,Ви справжні професіонали!,Позитивний
Іванов,Іван,Фізика,Результати далекі від задоволення.,Негативний
Смирнов,Марія,Історія,Результати не вражають.,Негативний
Сидоренко,Іван,Біологія,Ваша продуктивність середня.,Нейтральний
Сидоренко,Сергій,Історія,Завдання виконано без особливого фурору.,Нейтральний
Іванов,Марія,Фізика,Результати далекі від задоволення.,Негативний
Іванов,Марія,Фізика,Виконання завдання - це стандарт.,Нейтральний
Іванов,Іван,Історія,Завдання виконано дуже не задовільно.,Негативний
Коваленко,Іван,Українська мова,Результати просто зачаровують!,Позитивний
Коваленко,Ольга,Фізика,Результати середні.,Нейтральний
Петров,Іван,Українська мова,Потрібно покращити виконання.,Негативний
Смирнов,Марія,Біологія,Ви - віртуози!,Позитивний
Іванов,Марія,Фізика,Це далеко від ідеального результату.,Негативний
Петров,Сергій,Фізика,Ваша робота - справжнє діло мистецтва!,Позитивний
Сидоренко,Сергій,Біологія,Потрібно покращити виконання.,Негативний
Коваленко,Сергій,Фізика,Ваша продуктивність середня.,Нейтральний
Смирнов,Ольга,Фізика,Ви - незмінні лідери!,Позитивний
Сидоренко,Іван,Історія,Потрібно надати більше зусиль для покращення роботи.,Негативний
Петров,Ольга,Біологія,Робота вас підкорила!,Позитивний
Смирнов,Сергій,Українська мова,Завдання виконано відповідно до очікувань.,Нейтральний
Коваленко,Іван,Біологія,Ви справжні професіонали!,Позитивний
Смирнов,Ольга,Українська мова,Робота залишає бажати кращого.,Негативний
Коваленко,Ольга,Історія,Виконання завдання - це стандарт.,Нейтральний
Петров,Марія,Українська мова,Завдання виконано відповідно до очікувань.,Нейтральний
Петров,Ольга,Українська мова,Результати досить середні.,Нейтральний
Сидоренко,Сергій,Біологія,Завдання виконано без особливого фурору.,Нейтральний
Сидоренко,Ольга,Історія,Ви справжні зірки!,Позитивний
Коваленко,Сергій,Фізика,Ваші навички на висоті!,Позитивний
Смирнов,Сергій,Фізика,Завдання виконано дуже слабо.,Негативний
Сидоренко,Ольга,Біологія,Завдання виконано з середньою точністю.,Нейтральний
Іванов,Іван,Українська мова,Завдання виконано дуже слабо.,Негативний
Коваленко,Сергій,Фізика,"Робота прийнятна, але не захоплює.",Нейтральний
Коваленко,Сергій,Історія,Завдання виконано недостатньо задовільно.,Негативний
Іванов,Ольга,Біологія,Результати перевершують очікування!,Позитивний
Іванов,Олександр,Українська мова,Ваша робота неймовірно вражає!,Позитивний
Петров,Ольга,Українська мова,Ваша робота неймовірно вражає!,Позитивний
Петров,Ольга,Українська мова,Ви - справжні майстри своєї справи!,Позитивний
Іванов,Іван,Біологія,Потрібно більше стараності та уваги.,Негативний
Сидоренко,Олександр,Фізика,Ви - справжні магістрі!,Позитивний
Петров,Іван,Біологія,Завдання виконано з середньою точністю.,Нейтральний
Коваленко,Марія,Історія,Результати на рівні середнього.,Нейтральний
Іванов,Сергій,Біологія,Завдання виконано відповідно до очікувань.,Нейтральний
Смирнов,Олександр,Історія,Ваші навички на висоті!,Позитивний
Коваленко,Іван,Біологія,Ви справжні професіонали!,Позитивний
Сидоренко,Олександр,Біологія,Потрібно більше стараності та уваги.,Негативний
Петров,Іван,Фізика,Ваші навички на висоті!,Позитивний
Петров,Ольга,Біологія,Завдання виконано відповідно до очікувань.,Нейтральний
Коваленко,Сергій,Фізика,Це далеко від ідеального результату.,Негативний
Коваленко,Олександр,Фізика,Потрібно надати більше зусиль для покращення роботи.,Негативний
Сидоренко,Ольга,Біологія,Результати перевершують очікування!,Позитивний
Сидоренко,Ольга,Історія,Завдання виконано недостатньо задовільно.,Негативний
Коваленко,Олександр,Українська мова,Результати на рівні середнього.,Нейтральний
Смирнов,Олександр,Фізика,Завдання нормально виконано.,Нейтральний
Сидоренко,Ольга,Українська мова,Ваша професійність надзвичайна!,Позитивний
Сидоренко,Іван,Біологія,Результати середні.,Нейтральний
Сидоренко,Сергій,Біологія,Відмінна робота!,Позитивний
Коваленко,Сергій,Українська мова,Ваші здібності бездоганні!,Позитивний
Петров,Ольга,Фізика,"Середній результат, який може бути кращим.",Нейтральний
Коваленко,Сергій,Фізика,Ваша майстерність на висоті!,Позитивний
Сидоренко,Іван,Історія,Результати в міру нормальні.,Нейтральний
Смирнов,Марія,Українська мова,"Середній результат, який може бути кращим.",Нейтральний
Сидоренко,Марія,Біологія,"Робота прийнятна, але не вражає.",Нейтральний
Іванов,Сергій,Історія,Ваша робота вимагає серйозного покращення.,Негативний
Іванов,Сергій,Фізика,Робота відмінно зроблена!,Позитивний
Смирнов,Сергій,Фізика,Ви могли би зробити набагато краще.,Негативний
Смирнов,Ольга,Історія,Покращення потребує багато роботи.,Негативний
Сидоренко,Марія,Українська мова,Завдання виконано дуже слабо.,Негативний
Коваленко,Сергій,Українська мова,Ваша робота вимагає серйозного покращення.,Негативний
Іванов,Марія,Біологія,Ви найкращі!,Позитивний
Коваленко,Марія,Біологія,Ви найкращі!,Позитивний
Смирнов,Ольга,Українська мова,Робота залишає бажати кращого.,Негативний
Іванов,Ольга,Фізика,Результати досить середні.,Нейтральний
Коваленко,Ольга,Історія,Ваша робота нормальна.,Нейтральний
Коваленко,Сергій,Українська мова,Потрібно покращити виконання.,Негативний
Смирнов,Марія,Фізика,Ви - справжні герої!,Позитивний
Смирнов,Олександр,Історія,Ви - справжні майстри своєї справи!,Позитивний
Смирнов,Сергій,Фізика,Результати перевершують очікування!,Позитивний
Петров,Сергій,Українська мова,Ваша професійність надзвичайна!,Позитивний
Петров,Сергій,Українська мова,Результати середні.,Нейтральний
Петров,Ольга,Біологія,Ви справжні зірки!,Позитивний
Сидоренко,Іван,Біологія,Ваша продуктивність середня.,Нейтральний
Сидоренко,Сергій,Фізика,Ваші досягнення вражають!,Позитивний
Іванов,Ольга,Біологія,Вражаюче!,Позитивний
Смирнов,Сергій,Біологія,Покращення потребує багато роботи.,Негативний
Смирнов,Сергій,Історія,Результати середні.,Нейтральний
Коваленко,Олександр,Фізика,Це середнього класу виконана робота.,Нейтральний
Смирнов,Іван,Історія,Ви - справжні володарі ремесла!,Позитивний
Петров,Олександр,Історія,Ваша робота відповідає стандартам.,Нейтральний
Смирнов,Ольга,Історія,Ви - віртуози!,Позитивний
Іванов,Олександр,Фізика,"Робота прийнятна, але не вражає.",Нейтральний
Сидоренко,Марія,Історія,Ваша робота вимагає серйозного покращення.,Негативний
Смирнов,Марія,Історія,Ваша робота вимагає серйозного покращення.,Негативний
Смирнов,Іван,Історія,Ваша робота нормальна.,Нейтральний
Коваленко,Іван,Фізика,Завдання нормально виконано.,Нейтральний
Іванов,Сергій,Біологія,Потрібно надати більше зусиль для покращення роботи.,Негативний
Коваленко,Сергій,Історія,Покращення потребує багато роботи.,Негативний
Сидоренко,Сергій,Біологія,Завдання виконано без відчутного внеску.,Нейтральний
Коваленко,Марія,Історія,Робота залишає бажати кращого.,Негативний
Смирнов,Іван,Фізика,Завдання нормально виконано.,Нейтральний
Смирнов,Сергій,Українська мова,Ви справжні зірки!,Позитивний
Іванов,Сергій,Українська мова,Ви - справжні володарі ремесла!,Позитивний
Коваленко,Ольга,Українська мова,Завдання виконано без особливого фанфаронства.,Нейтральний
Сидоренко,Сергій,Фізика,Ваша робота відповідає стандартам.,Нейтральний
Коваленко,Ольга,Фізика,Завдання виконано без особливого фанфаронства.,Нейтральний
Коваленко,Ольга,Фізика,Робота суттєво не відповідає очікуванням.,Негативний
Смирнов,Іван,Фізика,Це вражаюче виконана робота!,Позитивний
Смирнов,Олександр,Українська мова,Завдання виконано недостатньо задовільно.,Негативний
Коваленко,Ольга,Українська мова,Ви - незмінні лідери!,Позитивний
Петров,Іван,Українська мова,Ви могли б зробити краще.,Негативний
Сидоренко,Олександр,Фізика,Потрібно більше стараності та уваги.,Негативний
Коваленко,Іван,Українська мова,Потрібно надати більше зусиль для покращення роботи.,Негативний
Сидоренко,Олександр,Фізика,Ваша продуктивність середня.,Нейтральний
Сидоренко,Іван,Українська мова,Ваша професійність надзвичайна!,Позитивний
Сидоренко,Сергій,Фізика,Ви - справжні чарівники!,Позитивний
Петров,Марія,Українська мова,Робота залишає бажати кращого.,Негативний
Петров,Іван,Історія,Ваші навички на середньому рівні.,Нейтральний
Коваленко,Ольга,Біологія,"Це те, що очікувалось.",Нейтральний
Іванов,Марія,Біологія,Завдання виконано погано.,Негативний
Смирнов,Ольга,Фізика,Ви - справжні магістрі!,Позитивний
Сидоренко,Ольга,Українська мова,Завдання виконано дуже не задовільно.,Негативний
Іванов,Ольга,Історія,Потрібно покращити виконання.,Негативний
Смирнов,Ольга,Біологія,"Робота прийнятна, але не захоплює.",Нейтральний
Сидоренко,Марія,Історія,Це вражаюче виконана робота!,Позитивний
Петров,Ольга,Історія,Ваші здібності бездоганні!,Позитивний
Сидоренко,Ольга,Біологія,Це середнього класу виконана робота.,Нейтральний
Сидоренко,Сергій,Історія,Завдання виконано погано.,Негативний
Петров,Сергій,Історія,Ви найкращі!,Позитивний
Іванов,Олександр,Фізика,Потрібно більше стараності та уваги.,Негативний
Смирнов,Ольга,Біологія,Завдання виконано погано.,Негативний
Іванов,Олександр,Історія,Завдання нормально виконано.,Нейтральний
Коваленко,Олександр,Біологія,Ваша продуктивність середня.,Нейтральний
Іванов,Іван,Українська мова,Потрібно більше стараності та уваги.,Негативний
Петров,Іван,Фізика,"Ваш потенціал вищий, ніж ця робота.",Негативний
Сидоренко,Олександр,Історія,Ваша професійність надзвичайна!,Позитивний
Петров,Марія,Біологія,Ваші досягнення вражають!,Позитивний
Сидоренко,Іван,Фізика,Ваша робота - справжнє діло мистецтва!,Позитивний
Смирнов,Олександр,Фізика,Ви могли б зробити краще.,Негативний
Іванов,Олександр,Історія,Результати в міру нормальні.,Нейтральний
Сидоренко,Ольга,Українська мова,Ви могли б зробити краще.,Негативний
Сидоренко,Ольга,Біологія,Це далеко від ідеального результату.,Негативний
Петров,Ольга,Українська мова,Ви - справжні володарі ремесла!,Позитивний
Смирнов,Іван,Історія,Ви - справжні герої!,Позитивний
Сидоренко,Ольга,Фізика,Ви - справжні герої!,Позитивний
Сидоренко,Сергій,Фізика,Результати не вражають.,Негативний
Петров,Марія,Біологія,"Ваш потенціал вищий, ніж ця робота.",Негативний
Сидоренко,Ольга,Біологія,Завдання виконано дуже слабо.,Негативний
Іванов,Олександр,Історія,"Ваш потенціал вищий, ніж ця робота.",Негативний
Іванов,Ольга,Біологія,"Середній результат, який може бути кращим.",Нейтральний
Петров,Іван,Біологія,Результати на рівні середнього.,Нейтральний
Смирнов,Ольга,Фізика,Ви могли б зробити краще.,Негативний
Іванов,Ольга,Українська мова,Результати досить середні.,Нейтральний
Петров,Іван,Біологія,Ваша майстерність на висоті!,Позитивний
Коваленко,Сергій,Українська мова,Потрібно надати більше зусиль для покращення роботи.,Негативний
Коваленко,Сергій,Історія,Виконання завдання - це стандарт.,Нейтральний
Коваленко,Сергій,Біологія,Робота залишає бажати кращого.,Негативний
Смирнов,Сергій,Біологія,Завдання виконано задовільно.,Нейтральний
Сидоренко,Сергій,Українська мова,Результати перевершують очікування!,Позитивний
Коваленко,Сергій,Фізика,Це далеко від ідеального результату.,Негативний
Сидоренко,Іван,Фізика,Ваші досягнення вражають!,Позитивний
Петров,Олександр,Історія,Ви - справжні герої!,Позитивний
Петров,Іван,Українська мова,Ваші досягнення вражають!,Позитивний
Іванов,Олександр,Фізика,"Це те, що очікувалось.",Нейтральний
Коваленко,Ольга,Історія,Ваша робота вимагає серйозного покращення.,Негативний
Сидоренко,Ольга,Українська мова,Завдання виконано без відчутного внеску.,Нейтральний
Іванов,Олександр,Біологія,"Це те, що очікувалось.",Нейтральний
Петров,Іван,Історія,Робота відмінно зроблена!,Позитивний
Смирнов,Сергій,Українська мова,Результати на рівні середнього.,Нейтральний
Петров,Марія,Українська мова,Ваша продуктивність середня.,Нейтральний
Смирнов,Ольга,Біологія,Ви - справжні чарівники!,Позитивний
Петров,Ольга,Фізика,"Середній результат, який може бути кращим.",Нейтральний
Смирнов,Ольга,Біологія,Завдання виконано недостатньо задовільно.,Негативний
Іванов,Сергій,Біологія,Ваша робота нормальна.,Нейтральний
Петров,Марія,Фізика,Робота залишає бажати кращого.,Негативний
Іванов,Сергій,Історія,Ви - справжні магістрі!,Позитивний
Іванов,Марія,Українська мова,Завдання виконано з середньою точністю.,Нейтральний
Іванов,Сергій,Історія,Потрібно надати більше зусиль для покращення роботи.,Негативний
Іванов,Марія,Українська мова,Ви справжні професіонали!,Позитивний
Коваленко,Марія,Біологія,Результати середні.,Нейтральний
Коваленко,Іван,Фізика,Вражаюче!,Позитивний
Коваленко,Марія,Українська мова,Це середнього рівня виконана робота.,Нейтральний
Коваленко,Олександр,Українська мова,"Ваш потенціал вищий, ніж ця робота.",Негативний
Іванов,Сергій,Українська мова,Дуже добре виконана робота!,Позитивний
Смирнов,Марія,Фізика,Ваша робота вимагає серйозного покращення.,Негативний
Петров,Марія,Біологія,Робота залишає бажати кращого.,Негативний
Петров,Марія,Українська мова,Результати на рівні середнього.,Нейтральний
Смирнов,Сергій,Фізика,Ви відмінно справилися!,Позитивний
Коваленко,Ольга,Українська мова,Ви - справжні майстри своєї справи!,Позитивний
Сидоренко,Іван,Українська мова,Робота відмінно зроблена!,Позитивний
Смирнов,Іван,Історія,Завдання виконано стандартно.,Нейтральний
Смирнов,Олександр,Історія,"Це те, що очікувалось.",Нейтральний
Іванов,Іван,Українська мова,Завдання нормально виконано.,Нейтральний
Коваленко,Ольга,Фізика,Потрібно більше стараності та уваги.,Негативний
Коваленко,Марія,Історія,Результати далекі від задоволення.,Негативний
Коваленко,Олександр,Біологія,Ви - справжні майстри своєї справи!,Позитивний
Смирнов,Іван,Історія,Завдання виконано дуже слабо.,Негативний
Петров,Марія,Історія,Ви відмінно справилися!,Позитивний
Іванов,Олександр,Біологія,Ваша продуктивність середня.,Нейтральний
Сидоренко,Ольга,Фізика,Завдання виконано з середньою точністю.,Нейтральний
Сидоренко,Марія,Історія,Результати перевершують очікування!,Позитивний
Петров,Ольга,Фізика,Ви відмінно справилися!,Позитивний
Сидоренко,Іван,Фізика,Робота вас підкорила!,Позитивний
Петров,Іван,Історія,Результати в міру нормальні.,Нейтральний
Коваленко,Олександр,Фізика,Завдання виконано з середньою точністю.,Нейтральний
Смирнов,Ольга,Історія,Завдання виконано без особливого фурору.,Нейтральний
Коваленко,Сергій,Фізика,Ваша майстерність на висоті!,Позитивний
Іванов,Марія,Біологія,Це вкрай не задовільно.,Негативний
Петров,Іван,Біологія,Відмінна робота!,Позитивний
Сидоренко,Сергій,Українська мова,"Це те, що очікувалось.",Нейтральний
Іванов,Ольга,Українська мова,Завдання виконано дуже не задовільно.,Негативний
Сидоренко,Іван,Українська мова,Ви - справжні майстри своєї справи!,Позитивний
Петров,Іван,Українська мова,Ви - справжні майстри своєї справи!,Позитивний
Петров,Іван,Історія,Ви найкращі!,Позитивний
Іванов,Ольга,Історія,Ви - справжні аматори.,Негативний
Іванов,Олександр,Історія,Завдання виконано без особливого фанфаронства.,Нейтральний
Смирнов,Сергій,Фізика,"Середній результат, який може бути кращим.",Нейтральний
Смирнов,Сергій,Фізика,Результати не вражають.,Негативний
Петров,Іван,Історія,Відмінна робота!,Позитивний
Коваленко,Олександр,Українська мова,Ви могли би зробити набагато краще.,Негативний
Коваленко,Марія,Біологія,Результати не вражають.,Негативний
Іванов,Ольга,Українська мова,Завдання виконано недостатньо задовільно.,Негативний
Коваленко,Сергій,Фізика,Ваші досягнення вражають!,Позитивний
Сидоренко,Ольга,Історія,Ваша професійність надзвичайна!,Позитивний
Сидоренко,Марія,Біологія,"Робота прийнятна, але не вражає.",Нейтральний
Коваленко,Сергій,Фізика,Ваші досягнення вражають!,Позитивний
Коваленко,Ольга,Історія,Результати далекі від задоволення.,Негативний
Іванов,Іван,Фізика,Ваша робота вимагає серйозного покращення.,Негативний
Сидоренко,Марія,Фізика,Ваша майстерність на висоті!,Позитивний
Смирнов,Сергій,Історія,Завдання виконано без особливого фурору.,Нейтральний
Смирнов,Іван,Історія,Виконання завдання - це стандарт.,Нейтральний
Іванов,Марія,Біологія,Завдання виконано з середньою точністю.,Нейтральний
Коваленко,Олександр,Українська мова,Робота суттєво не відповідає очікуванням.,Негативний
Петров,Марія,Українська мова,Ваша робота неймовірно вражає!,Позитивний
Коваленко,Іван,Фізика,Робота залишає бажати кращого.,Негативний
Іванов,Сергій,Біологія,Ваша робота неймовірно вражає!,Позитивний
Смирнов,Іван,Українська мова,"Середній результат, який може бути кращим.",Нейтральний
Іванов,Марія,Історія,"Робота прийнятна, але не вражає.",Нейтральний
Петров,Ольга,Історія,Потрібно надати більше зусиль для покращення роботи.,Негативний
Коваленко,Олександр,Українська мова,Відмінна робота!,Позитивний
Коваленко,Іван,Фізика,"Середній результат, який може бути кращим.",Нейтральний
Смирнов,Іван,Біологія,"Робота прийнятна, але не захоплює.",Нейтральний
Смирнов,Іван,Історія,Завдання виконано в середньому.,Нейтральний
Іванов,Сергій,Фізика,Ви справжні зірки!,Позитивний
Іванов,Сергій,Біологія,Ви - справжні чарівники!,Позитивний
Іванов,Олександр,Українська мова,"Робота прийнятна, але не захоплює.",Нейтральний
Смирнов,Ольга,Історія,Потрібно надати більше зусиль для покращення роботи.,Негативний
Петров,Марія,Фізика,Ви - справжні аматори.,Негативний
Сидоренко,Олександр,Фізика,"Робота залишає бажати кращого, потрібно покращити.",Негативний
Петров,Олександр,Біологія,Робота суттєво не відповідає очікуванням.,Негативний
Смирнов,Марія,Історія,Завдання виконано погано.,Негативний
Іванов,Іван,Історія,Завдання виконано стандартно.,Нейтральний
Смирнов,Марія,Історія,Виконання завдання - це стандарт.,Нейтральний
Коваленко,Олександр,Українська мова,Завдання виконано без особливого фанфаронства.,Нейтральний
Смирнов,Іван,Біологія,Ви могли б зробити краще.,Негативний
Коваленко,Марія,Історія,Робота відмінно зроблена!,Позитивний
Коваленко,Іван,Біологія,Ви - незмінні лідери!,Позитивний
Петров,Сергій,Біологія,Вражаюче!,Позитивний
Коваленко,Ольга,Фізика,Ви - незмінні лідери!,Позитивний
Коваленко,Сергій,Історія,Ви - справжні герої!,Позитивний
Іванов,Іван,Фізика,"Робота прийнятна, але не вражає.",Нейтральний
Смирнов,Ольга,Українська мова,Ваша робота вимагає серйозного покращення.,Негативний
Іванов,Ольга,Українська мова,Ви могли б зробити краще.,Негативний
Коваленко,Іван,Історія,Робота відмінно зроблена!,Позитивний
Сидоренко,Олександр,Фізика,Ви могли б зробити краще.,Негативний
Коваленко,Сергій,Українська мова,Завдання виконано без особливого фурору.,Нейтральний
Коваленко,Марія,Українська мова,"Робота залишає бажати кращого, потрібно покращити.",Негативний
Сидоренко,Іван,Біологія,Ви - незмінні лідери!,Позитивний
Сидоренко,Марія,Фізика,Ви - справжні герої!,Позитивний
Петров,Олександр,Фізика,Ваша робота відповідає стандартам.,Нейтральний
Смирнов,Олександр,Українська мова,Ви - справжні майстри своєї справи!,Позитивний
Смирнов,Олександр,Біологія,Ви відмінно справилися!,Позитивний
Петров,Марія,Фізика,Результати на рівні середнього.,Нейтральний
Коваленко,Ольга,Фізика,Завдання виконано без особливого фанфаронства.,Нейтральний
Смирнов,Іван,Українська мова,"Це те, що очікувалось.",Нейтральний
Смирнов,Іван,Біологія,Результати перевершують очікування!,Позитивний
Петров,Марія,Історія,Потрібно більше стараності та уваги.,Негативний
Іванов,Олександр,Історія,Це вкрай не задовільно.,Негативний
Іванов,Сергій,Біологія,Результати в міру нормальні.,Нейтральний
Петров,Марія,Історія,Завдання виконано відповідно до очікувань.,Нейтральний
Іванов,Олександр,Історія,Результати просто зачаровують!,Позитивний
Коваленко,Марія,Історія,Ваша майстерність на висоті!,Позитивний
Смирнов,Ольга,Історія,Завдання виконано відповідно до очікувань.,Нейтральний
Смирнов,Ольга,Фізика,Потрібно покращити виконання.,Негативний
Смирнов,Ольга,Фізика,Завдання виконано дуже слабо.,Негативний
Сидоренко,Ольга,Українська мова,Це далеко від ідеального результату.,Негативний
Сидоренко,Олександр,Фізика,Ви - справжні магістрі!,Позитивний
Коваленко,Сергій,Біологія,"Робота залишає бажати кращого, потрібно покращити.",Негативний
Смирнов,Іван,Українська мова,Ви могли б зробити краще.,Негативний
Коваленко,Марія,Українська мова,Завдання нормально виконано.,Нейтральний
Смирнов,Олександр,Біологія,Це далеко від ідеального результату.,Негативний
Сидоренко,Іван,Фізика,Ваші здібності бездоганні!,Позитивний
Петров,Сергій,Фізика,Результати середні.,Нейтральний
Сидоренко,Олександр,Фізика,Дуже добре виконана робота!,Позитивний
Смирнов,Олександр,Історія,Ваша робота неймовірно вражає!,Позитивний
Іванов,Сергій,Біологія,Ви - віртуози!,Позитивний
Сидоренко,Сергій,Історія,Потрібно надати більше зусиль для покращення роботи.,Негативний
Петров,Марія,Біологія,"Робота залишає бажати кращого, потрібно покращити.",Негативний
Сидоренко,Ольга,Українська мова,Результати перевершують очікування!,Позитивний
Іванов,Сергій,Історія,Ваші здібності бездоганні!,Позитивний
Сидоренко,Ольга,Біологія,Ваша робота - справжнє діло мистецтва!,Позитивний
Сидоренко,Іван,Біологія,Це вкрай не задовільно.,Негативний
Смирнов,Іван,Біологія,Ваші здібності бездоганні!,Позитивний
Іванов,Сергій,Фізика,Результати середні.,Нейтральний
Іванов,Марія,Історія,Ваша робота - справжнє діло мистецтва!,Позитивний
Петров,Олександр,Фізика,Завдання виконано без відчутного внеску.,Нейтральний
Коваленко,Іван,Історія,Робота залишає бажати кращого.,Негативний
Смирнов,Олександр,Фізика,Результати досить середні.,Нейтральний
Петров,Іван,Фізика,Це вкрай не задовільно.,Негативний
Сидоренко,Олександр,Українська мова,Завдання виконано стандартно.,Нейтральний
Петров,Ольга,Українська мова,Ви справжні професіонали!,Позитивний
Сидоренко,Іван,Історія,Ваші досягнення вражають!,Позитивний
Коваленко,Марія,Українська мова,Робота суттєво не відповідає очікуванням.,Негативний
Іванов,Ольга,Біологія,Завдання виконано без особливого фанфаронства.,Нейтральний
Смирнов,Сергій,Історія,Робота залишає бажати кращого.,Негативний
Коваленко,Іван,Фізика,Робота вас підкорила!,Позитивний
Коваленко,Ольга,Українська мова,Ваша робота - справжнє діло мистецтва!,Позитивний
Смирнов,Олександр,Фізика,"Ваш потенціал вищий, ніж ця робота.",Негативний
Петров,Марія,Історія,Ваші здібності бездоганні!,Позитивний
Смирнов,Іван,Біологія,Ваша робота - справжнє діло мистецтва!,Позитивний
Петров,Іван,Біологія,Завдання виконано дуже не задовільно.,Негативний
Сидоренко,Сергій,Фізика,"Середній результат, який може бути кращим.",Нейтральний
Смирнов,Іван,Біологія,Результати перевершують очікування!,Позитивний
Петров,Олександр,Українська мова,Результати просто зачаровують!,Позитивний
Коваленко,Іван,Історія,Завдання виконано дуже слабо.,Негативний
Петров,Сергій,Фізика,Покращення потребує багато роботи.,Негативний
Смирнов,Іван,Біологія,Робота залишає бажати кращого.,Негативний
Коваленко,Олександр,Біологія,Ви справжні зірки!,Позитивний
Сидоренко,Іван,Українська мова,Потрібно надати більше зусиль для покращення роботи.,Негативний
Сидоренко,Іван,Українська мова,Ваша професійність надзвичайна!,Позитивний
Сидоренко,Сергій,Біологія,Потрібно надати більше зусиль для покращення роботи.,Негативний
Сидоренко,Марія,Українська мова,Завдання виконано погано.,Негативний
Іванов,Ольга,Фізика,Ви справжні зірки!,Позитивний
Сидоренко,Іван,Фізика,Ваша майстерність на висоті!,Позитивний
Смирнов,Ольга,Історія,Потрібно більше стараності та уваги.,Негативний
Іванов,Олександр,Історія,Завдання виконано без особливого фанфаронства.,Нейтральний
Коваленко,Олександр,Історія,Ваша робота - справжнє діло мистецтва!,Позитивний
Коваленко,Олександр,Історія,"Ваш потенціал вищий, ніж ця робота.",Негативний
Петров,Марія,Історія,Потрібно більше стараності та уваги.,Негативний
Петров,Ольга,Фізика,Ви - справжні чарівники!,Позитивний
Іванов,Олександр,Фізика,Ви могли б зробити краще.,Негативний
Смирнов,Сергій,Українська мова,Ви справжні зірки!,Позитивний
Коваленко,Марія,Українська мова,Завдання виконано без відчутного внеску.,Нейтральний
Петров,Марія,Біологія,Ви - справжні володарі ремесла!,Позитивний
Коваленко,Сергій,Історія,Завдання виконано недостатньо задовільно.,Негативний
Сидоренко,Олександр,Фізика,Це середнього рівня виконана робота.,Нейтральний
Коваленко,Ольга,Українська мова,Це вражаюче виконана робота!,Позитивний
Коваленко,Іван,Українська мова,Завдання виконано відповідно до очікувань.,Нейтральний
Смирнов,Олександр,Історія,Ви - віртуози!,Позитивний
Коваленко,Сергій,Біологія,"Це те, що очікувалось.",Нейтральний
Петров,Олександр,Українська мова,Ви - справжні герої!,Позитивний
Іванов,Сергій,Біологія,Це середнього класу виконана робота.,Нейтральний
Коваленко,Сергій,Біологія,Завдання виконано дуже не задовільно.,Негативний
Коваленко,Сергій,Біологія,Ви справжні професіонали!,Позитивний
Петров,Іван,Українська мова,Завдання виконано дуже слабо.,Негативний
Сидоренко,Ольга,Українська мова,Ви могли би зробити набагато краще.,Негативний
Коваленко,Іван,Біологія,Завдання нормально виконано.,Нейтральний
Петров,Марія,Біологія,Потрібно більше стараності та уваги.,Негативний
Іванов,Марія,Біологія,Завдання виконано з середньою точністю.,Нейтральний
Іванов,Марія,Біологія,Це вкрай не задовільно.,Негативний
Коваленко,Ольга,Фізика,Ваша робота відповідає стандартам.,Нейтральний
Сидоренко,Олександр,Біологія,Завдання виконано без особливого фурору.,Нейтральний
Петров,Олександр,Фізика,Результати середні.,Нейтральний
Коваленко,Ольга,Історія,Ви - справжні чарівники!,Позитивний
Смирнов,Сергій,Фізика,Результати суттєво не вражають.,Негативний
Петров,Олександр,Українська мова,Завдання виконано стандартно.,Нейтральний
Сидоренко,Олександр,Фізика,Ваша робота - справжнє діло мистецтва!,Позитивний
Іванов,Іван,Біологія,Результати перевершують очікування!,Позитивний
Коваленко,Іван,Історія,Ви - справжні магістрі!,Позитивний
Петров,Сергій,Історія,Ви могли б зробити краще.,Негативний
Смирнов,Іван,Історія,Завдання виконано без відчутного внеску.,Нейтральний
Петров,Марія,Українська мова,Ви - справжні чарівники!,Позитивний
Іванов,Марія,Фізика,Ви - незмінні лідери!,Позитивний
Іванов,Сергій,Фізика,Завдання виконано відповідно до очікувань.,Нейтральний
Коваленко,Олександр,Історія,Ваша робота відповідає стандартам.,Нейтральний
Іванов,Сергій,Історія,Робота залишає бажати кращого.,Негативний
Коваленко,Іван,Фізика,Результати не вражають.,Негативний
Петров,Сергій,Історія,Робота залишає бажати кращого.,Негативний
Петров,Ольга,Фізика,Ваша професійність надзвичайна!,Позитивний
Іванов,Іван,Біологія,"Робота прийнятна, але не вражає.",Нейтральний
Сидоренко,Марія,Фізика,Результати в міру нормальні.,Нейтральний
Петров,Олександр,Історія,Завдання виконано погано.,Негативний
Іванов,Сергій,Біологія,Ваша робота нормальна.,Нейтральний
Смирнов,Марія,Біологія,Робота вас підкорила!,Позитивний
Сидоренко,Марія,Українська мова,Результати середні.,Нейтральний
Коваленко,Сергій,Фізика,"Середній результат, який може бути кращим.",Нейтральний
Коваленко,Іван,Історія,Ви - незмінні лідери!,Позитивний
Іванов,Марія,Історія,Завдання виконано без особливого фанфаронства.,Нейтральний
Смирнов,Ольга,Українська мова,Результати на рівні середнього.,Нейтральний
Петров,Марія,Фізика,Це середнього рівня виконана робота.,Нейтральний
Коваленко,Олександр,Українська мова,Ви могли би зробити набагато краще.,Негативний
Смирнов,Сергій,Історія,Ви - справжні володарі ремесла!,Позитивний
Смирнов,Ольга,Біологія,Це вкрай не задовільно.,Негативний
Коваленко,Марія,Біологія,Потрібно більше стараності та уваги.,Негативний
Сидоренко,Олександр,Українська мова,Ви справжні зірки!,Позитивний
Смирнов,Іван,Українська мова,Ви справжні зірки!,Позитивний
Іванов,Ольга,Фізика,"Робота прийнятна, але не вражає.",Нейтральний
Петров,Іван,Історія,Потрібно надати більше зусиль для покращення роботи.,Негативний
Іванов,Марія,Фізика,Ви відмінно справилися!,Позитивний
Іванов,Олександр,Історія,Завдання виконано недостатньо задовільно.,Негативний
Іванов,Марія,Біологія,Ви - справжні майстри своєї справи!,Позитивний
Сидоренко,Сергій,Українська мова,Завдання виконано в середньому.,Нейтральний
Коваленко,Марія,Історія,Це середнього класу виконана робота.,Нейтральний
Іванов,Ольга,Біологія,Ви - незмінні лідери!,Позитивний
Коваленко,Сергій,Українська мова,Завдання виконано в середньому.,Нейтральний
Іванов,Сергій,Фізика,Завдання виконано дуже не задовільно.,Негативний
Смирнов,Іван,Біологія,Ви справжні професіонали!,Позитивний
Петров,Ольга,Історія,Потрібно більше стараності та уваги.,Негативний
Смирнов,Ольга,Історія,Відмінна робота!,Позитивний
Сидоренко,Олександр,Біологія,Потрібно більше стараності та уваги.,Негативний
Коваленко,Марія,Українська мова,Результати далекі від задоволення.,Негативний
Іванов,Марія,Фізика,Завдання виконано без відчутного внеску.,Нейтральний
Коваленко,Іван,Біологія,Це вражаюче виконана робота!,Позитивний
Сидоренко,Іван,Фізика,Результати просто зачаровують!,Позитивний
Смирнов,Сергій,Українська мова,Завдання виконано стандартно.,Нейтральний
Іванов,Марія,Біологія,"Ваш потенціал вищий, ніж ця робота.",Негативний
Сидоренко,Марія,Біологія,Результати досить середні.,Нейтральний
Іванов,Марія,Українська мова,Ви - справжні майстри своєї справи!,Позитивний
Сидоренко,Олександр,Біологія,Завдання виконано погано.,Негативний
Коваленко,Олександр,Фізика,Ви могли б зробити краще.,Негативний
Петров,Іван,Біологія,Результати не вражають.,Негативний
Петров,Сергій,Українська мова,Ваші здібності бездоганні!,Позитивний
Коваленко,Марія,Біологія,Ви могли б зробити краще.,Негативний
Сидоренко,Олександр,Українська мова,Результати перевершують очікування!,Позитивний
Коваленко,Марія,Українська мова,Робота відмінно зроблена!,Позитивний
Смирнов,Олександр,Біологія,Відмінна робота!,Позитивний
Коваленко,Іван,Українська мова,"Робота прийнятна, але не захоплює.",Нейтральний
Смирнов,Ольга,Історія,Завдання виконано без відчутного внеску.,Нейтральний
Коваленко,Іван,Фізика,Ваша професійність надзвичайна!,Позитивний
Іванов,Сергій,Українська мова,"Це те, що очікувалось.",Нейтральний
Смирнов,Іван,Історія,Результати середні.,Нейтральний
Коваленко,Марія,Історія,Завдання виконано в середньому.,Нейтральний
Сидоренко,Олександр,Історія,Завдання нормально виконано.,Нейтральний
Сидоренко,Марія,Біологія,Виконання завдання - це стандарт.,Нейтральний
Смирнов,Марія,Біологія,Ви найкращі!,Позитивний
Петров,Марія,Історія,Результати суттєво не вражають.,Негативний
Сидоренко,Ольга,Фізика,Ви - справжні чарівники!,Позитивний
Коваленко,Ольга,Біологія,Ви - справжні аматори.,Негативний
Коваленко,Олександр,Фізика,Завдання виконано погано.,Негативний
Іванов,Олександр,Українська мова,"Це те, що очікувалось.",Нейтральний
Коваленко,Ольга,Фізика,Ви відмінно справилися!,Позитивний
Коваленко,Сергій,Історія,Відмінна робота!,Позитивний
Сидоренко,Олександр,Біологія,Ви - справжні чарівники!,Позитивний
Коваленко,Марія,Біологія,Ваша продуктивність середня.,Нейтральний
Смирнов,Ольга,Українська мова,"Це те, що очікувалось.",Нейтральний
Петров,Марія,Фізика,Ви - справжні магістрі!,Позитивний
Іванов,Олександр,Українська мова,Ви відмінно справилися!,Позитивний
Іванов,Іван,Історія,Потрібно більше стараності та уваги.,Негативний
Сидоренко,Сергій,Фізика,Вражаюче!,Позитивний
Коваленко,Сергій,Біологія,Ваші навички на висоті!,Позитивний
Іванов,Сергій,Біологія,Це середнього рівня виконана робота.,Нейтральний
Смирнов,Олександр,Історія,Завдання виконано дуже слабо.,Негативний
Сидоренко,Ольга,Біологія,Це вкрай не задовільно.,Негативний
Петров,Олександр,Українська мова,Ваші здібності бездоганні!,Позитивний
Смирнов,Сергій,Українська мова,Завдання виконано без особливого фанфаронства.,Нейтральний
Сидоренко,Марія,Історія,Ви могли б зробити краще.,Негативний
Сидоренко,Сергій,Українська мова,Завдання виконано погано.,Негативний
Іванов,Марія,Біологія,Ви - справжні володарі ремесла!,Позитивний
Петров,Олександр,Біологія,Потрібно більше стараності та уваги.,Негативний
Смирнов,Сергій,Фізика,Завдання виконано недостатньо задовільно.,Негативний
Смирнов,Олександр,Біологія,Робота суттєво не відповідає очікуванням.,Негативний
Смирнов,Ольга,Біологія,Результати далекі від задоволення.,Негативний
Сидоренко,Ольга,Фізика,Потрібно надати більше зусиль для покращення роботи.,Негативний
Іванов,Олександр,Біологія,Ваші навички на середньому рівні.,Нейтральний
Петров,Марія,Фізика,Ваша робота неймовірно вражає!,Позитивний
Коваленко,Марія,Біологія,Ви - справжні майстри своєї справи!,Позитивний
Петров,Сергій,Фізика,Результати просто зачаровують!,Позитивний
Петров,Ольга,Біологія,Ви - справжні володарі ремесла!,Позитивний
Іванов,Ольга,Біологія,Ви найкращі!,Позитивний
Смирнов,Сергій,Історія,Виконання завдання - це стандарт.,Нейтральний
Смирнов,Сергій,Фізика,Результати досить середні.,Нейтральний
Коваленко,Олександр,Фізика,Результати перевершують очікування!,Позитивний
Іванов,Олександр,Біологія,Завдання виконано в середньому.,Нейтральний
Смирнов,Олександр,Фізика,Завдання виконано стандартно.,Нейтральний
Петров,Ольга,Історія,Робота вас підкорила!,Позитивний
Смирнов,Сергій,Українська мова,Ваша робота відповідає стандартам.,Нейтральний
Іванов,Олександр,Фізика,Ви відмінно справилися!,Позитивний
Іванов,Марія,Фізика,Потрібно покращити виконання.,Негативний
Іванов,Іван,Українська мова,Ваші досягнення вражають!,Позитивний
Іванов,Олександр,Біологія,Завдання виконано недостатньо задовільно.,Негативний
Петров,Сергій,Біологія,Результати в міру нормальні.,Нейтральний
Петров,Марія,Фізика,Ви - справжні володарі ремесла!,Позитивний
Петров,Марія,Фізика,Результати перевершують очікування!,Позитивний
Смирнов,Олександр,Українська мова,Результати перевершують очікування!,Позитивний
Сидоренко,Ольга,Фізика,Ви - справжні магістрі!,Позитивний
Петров,Сергій,Фізика,Результати досить середні.,Нейтральний
Іванов,Олександр,Історія,Це вкрай не задовільно.,Негативний
Сидоренко,Марія,Фізика,Результати суттєво не вражають.,Негативний
Смирнов,Марія,Історія,Потрібно покращити виконання.,Негативний
Сидоренко,Сергій,Біологія,Це далеко від ідеального результату.,Негативний
Сидоренко,Олександр,Історія,Це вражаюче виконана робота!,Позитивний
Сидоренко,Іван,Біологія,"Ваш потенціал вищий, ніж ця робота.",Негативний
Сидоренко,Ольга,Українська мова,Результати суттєво не вражають.,Негативний
Смирнов,Іван,Біологія,Завдання виконано задовільно.,Нейтральний
Іванов,Ольга,Українська мова,Робота суттєво не відповідає очікуванням.,Негативний
Сидоренко,Іван,Українська мова,Робота відмінно зроблена!,Позитивний
Сидоренко,Ольга,Історія,"Середній результат, який може бути кращим.",Нейтральний
Коваленко,Марія,Біологія,Завдання виконано без особливого фанфаронства.,Нейтральний
Петров,Марія,Фізика,Відмінна робота!,Позитивний
Смирнов,Іван,Українська мова,Це далеко від ідеального результату.,Негативний
Смирнов,Іван,Фізика,Результати перевершують очікування!,Позитивний
Коваленко,Ольга,Фізика,Ви - справжні майстри своєї справи!,Позитивний
Петров,Марія,Історія,Ваша робота - справжнє діло мистецтва!,Позитивний
Петров,Марія,Українська мова,Це далеко від ідеального результату.,Негативний
Петров,Олександр,Українська мова,Ви справжні зірки!,Позитивний
Коваленко,Марія,Фізика,Ви справжні професіонали!,Позитивний
Петров,Олександр,Біологія,Дуже добре виконана робота!,Позитивний
Сидоренко,Іван,Фізика,Результати не вражають.,Негативний
Коваленко,Іван,Фізика,Ваші навички на висоті!,Позитивний
Сидоренко,Іван,Фізика,Ваша робота вимагає серйозного покращення.,Негативний
Коваленко,Олександр,Біологія,"Це те, що очікувалось.",Нейтральний
Іванов,Сергій,Фізика,"Робота прийнятна, але не захоплює.",Нейтральний
Сидоренко,Олександр,Біологія,Завдання виконано з середньою точністю.,Нейтральний
Петров,Марія,Фізика,Ваша робота відповідає стандартам.,Нейтральний
Смирнов,Іван,Українська мова,"Робота залишає бажати кращого, потрібно покращити.",Негативний
Петров,Марія,Фізика,Це середнього рівня виконана робота.,Нейтральний
Сидоренко,Ольга,Біологія,Потрібно покращити виконання.,Негативний
Коваленко,Марія,Історія,Завдання виконано без відчутного внеску.,Нейтральний
Смирнов,Ольга,Фізика,Результати далекі від задоволення.,Негативний
Сидоренко,Олександр,Українська мова,Результати просто зачаровують!,Позитивний
Іванов,Ольга,Біологія,Ви - справжні аматори.,Негативний
Петров,Марія,Історія,Ви могли би зробити набагато краще.,Негативний
Петров,Сергій,Біологія,Завдання виконано без особливого фурору.,Нейтральний
Петров,Іван,Біологія,Завдання виконано в середньому.,Нейтральний
Смирнов,Іван,Історія,Ваша продуктивність середня.,Нейтральний
Смирнов,Сергій,Українська мова,"Робота залишає бажати кращого, потрібно покращити.",Негативний
Сидоренко,Марія,Українська мова,Ваша продуктивність середня.,Нейтральний
Смирнов,Марія,Біологія,Робота залишає бажати кращого.,Негативний
Іванов,Марія,Українська мова,Робота залишає бажати кращого.,Негативний
Смирнов,Сергій,Українська мова,Потрібно надати більше зусиль для покращення роботи.,Негативний
Іванов,Іван,Українська мова,Ви - справжні герої!,Позитивний
Смирнов,Марія,Українська мова,Ви справжні зірки!,Позитивний
Смирнов,Олександр,Українська мова,Завдання виконано відповідно до очікувань.,Нейтральний
Іванов,Олександр,Історія,Ви - справжні майстри своєї справи!,Позитивний
Петров,Іван,Історія,Результати просто зачаровують!,Позитивний
Сидоренко,Ольга,Фізика,Завдання виконано з середньою точністю.,Нейтральний
Іванов,Олександр,Біологія,Результати просто зачаровують!,Позитивний
Петров,Марія,Біологія,Ви - віртуози!,Позитивний
Смирнов,Іван,Українська мова,Потрібно надати більше зусиль для покращення роботи.,Негативний
Сидоренко,Олександр,Фізика,Завдання виконано погано.,Негативний
Іванов,Сергій,Фізика,Ви - віртуози!,Позитивний
Сидоренко,Олександр,Фізика,Ви - справжні магістрі!,Позитивний
Сидоренко,Марія,Біологія,Ви - незмінні лідери!,Позитивний
Іванов,Ольга,Українська мова,Завдання виконано стандартно.,Нейтральний
Смирнов,Марія,Українська мова,Ви відмінно справилися!,Позитивний
Петров,Іван,Біологія,Завдання виконано недостатньо задовільно.,Негативний
Петров,Ольга,Історія,Ви - віртуози!,Позитивний
Сидоренко,Сергій,Українська мова,Потрібно покращити виконання.,Негативний
Іванов,Ольга,Фізика,"Робота прийнятна, але не захоплює.",Нейтральний
Смирнов,Сергій,Українська мова,"Ваш потенціал вищий, ніж ця робота.",Негативний
Сидоренко,Ольга,Біологія,Ваша професійність надзвичайна!,Позитивний
Іванов,Сергій,Українська мова,Ви - справжні аматори.,Негативний
Коваленко,Сергій,Українська мова,Ви могли би зробити набагато краще.,Негативний
Коваленко,Марія,Фізика,Результати на рівні середнього.,Нейтральний
Іванов,Марія,Історія,Ваша робота нормальна.,Нейтральний
Смирнов,Сергій,Біологія,Ваша робота відповідає стандартам.,Нейтральний
Коваленко,Сергій,Українська мова,Робота залишає бажати кращого.,Негативний
Іванов,Марія,Історія,Ви - справжні майстри своєї справи!,Позитивний
Сидоренко,Олександр,Історія,Завдання виконано без відчутного внеску.,Нейтральний
Коваленко,Іван,Фізика,Робота залишає бажати кращого.,Негативний
Іванов,Іван,Українська мова,Результати далекі від задоволення.,Негативний
Смирнов,Ольга,Біологія,"Робота залишає бажати кращого, потрібно покращити.",Негативний
Смирнов,Марія,Фізика,Завдання виконано з середньою точністю.,Нейтральний
Смирнов,Сергій,Біологія,Ваші здібності бездоганні!,Позитивний
Сидоренко,Ольга,Фізика,Ваша робота нормальна.,Нейтральний
Коваленко,Сергій,Історія,Потрібно надати більше зусиль для покращення роботи.,Негативний
Петров,Марія,Історія,Потрібно покращити виконання.,Негативний
Сидоренко,Іван,Українська мова,Виконання завдання - це стандарт.,Нейтральний
Іванов,Іван,Біологія,Завдання виконано задовільно.,Нейтральний
Петров,Іван,Історія,"Ваш потенціал вищий, ніж ця робота.",Негативний
Петров,Ольга,Біологія,Результати досить середні.,Нейтральний
Іванов,Олександр,Історія,Завдання виконано недостатньо задовільно.,Негативний
Сидоренко,Сергій,Історія,Ваша професійність надзвичайна!,Позитивний
Смирнов,Ольга,Українська мова,Ви могли б зробити краще.,Негативний
Коваленко,Іван,Історія,Ви - справжні аматори.,Негативний
Сидоренко,Марія,Українська мова,Ви - віртуози!,Позитивний
Іванов,Сергій,Українська мова,Робота відмінно зроблена!,Позитивний
Коваленко,Ольга,Фізика,"Це те, що очікувалось.",Нейтральний
Іванов,Олександр,Фізика,Дуже добре виконана робота!,Позитивний
Смирнов,Ольга,Українська мова,Покращення потребує багато роботи.,Негативний
Сидоренко,Іван,Фізика,Ви могли би зробити набагато краще.,Негативний
Смирнов,Сергій,Українська мова,Ви - справжні аматори.,Негативний
Іванов,Сергій,Українська мова,Ваші навички на середньому рівні.,Нейтральний
Іванов,Іван,Біологія,Це вкрай не задовільно.,Негативний
Коваленко,Ольга,Українська мова,"Це те, що очікувалось.",Нейтральний
Сидоренко,Олександр,Українська мова,Завдання нормально виконано.,Нейтральний
Сидоренко,Ольга,Українська мова,Робота відмінно зроблена!,Позитивний
Петров,Сергій,Українська мова,Ви - справжні володарі ремесла!,Позитивний
Коваленко,Сергій,Історія,Результати в міру нормальні.,Нейтральний
Петров,Іван,Біологія,Ваша професійність надзвичайна!,Позитивний
Смирнов,Олександр,Українська мова,Результати не вражають.,Негативний
Смирнов,Марія,Фізика,Це середнього рівня виконана робота.,Нейтральний
Коваленко,Іван,Історія,Завдання виконано відповідно до очікувань.,Нейтральний
Сидоренко,Марія,Історія,Ви могли би зробити набагато краще.,Негативний
Сидоренко,Іван,Історія,Робота залишає бажати кращого.,Негативний
Сидоренко,Іван,Фізика,Ви - справжні аматори.,Негативний
Іванов,Олександр,Українська мова,"Це те, що очікувалось.",Нейтральний
Коваленко,Сергій,Історія,Ви відмінно справилися!,Позитивний
Сидоренко,Олександр,Українська мова,Виконання завдання - це стандарт.,Нейтральний
Коваленко,Олександр,Біологія,Ви - справжні майстри своєї справи!,Позитивний
Петров,Іван,Фізика,Це далеко від ідеального результату.,Негативний
Смирнов,Сергій,Історія,"Це те, що очікувалось.",Нейтральний
Сидоренко,Ольга,Історія,"Робота прийнятна, але не захоплює.",Нейтральний
Сидоренко,Марія,Українська мова,Ви могли б зробити краще.,Негативний
Сидоренко,Олександр,Фізика,Ви справжні зірки!,Позитивний
Іванов,Іван,Історія,Ви відмінно справилися!,Позитивний
Смирнов,Ольга,Фізика,Завдання виконано недостатньо задовільно.,Негативний
Петров,Сергій,Історія,Потрібно покращити виконання.,Негативний
Коваленко,Іван,Біологія,Результати на рівні середнього.,Нейтральний
Іванов,Марія,Біологія,Ваша майстерність на висоті!,Позитивний
Коваленко,Олександр,Біологія,Результати суттєво не вражають.,Негативний
Смирнов,Марія,Біологія,Ваша робота неймовірно вражає!,Позитивний
Смирнов,Марія,Біологія,Робота залишає бажати кращого.,Негативний
Сидоренко,Іван,Українська мова,Виконання завдання - це стандарт.,Нейтральний
Коваленко,Марія,Біологія,Завдання виконано недостатньо задовільно.,Негативний
Петров,Ольга,Історія,Ви - справжні магістрі!,Позитивний
Коваленко,Сергій,Українська мова,Ви найкращі!,Позитивний
Коваленко,Ольга,Українська мова,Ваша робота вимагає серйозного покращення.,Негативний
Коваленко,Іван,Фізика,Ваші досягнення вражають!,Позитивний
Сидоренко,Сергій,Українська мова,Ваша робота - справжнє діло мистецтва!,Позитивний
Іванов,Іван,Фізика,Ваша робота вимагає серйозного покращення.,Негативний
Смирнов,Ольга,Українська мова,Результати суттєво не вражають.,Негативний
Смирнов,Ольга,Українська мова,Результати в міру нормальні.,Нейтральний
Іванов,Ольга,Фізика,Ви - справжні аматори.,Негативний
Смирнов,Сергій,Історія,Результати суттєво не вражають.,Негативний
Коваленко,Сергій,Українська мова,Ваша майстерність на висоті!,Позитивний
Коваленко,Іван,Українська мова,"Середній результат, який може бути кращим.",Нейтральний
Коваленко,Марія,Фізика,Результати не вражають.,Негативний
Іванов,Ольга,Українська мова,"Середній результат, який може бути кращим.",Нейтральний
Іванов,Іван,Українська мова,Відмінна робота!,Позитивний
Смирнов,Олександр,Фізика,Завдання виконано дуже слабо.,Негативний
Смирнов,Ольга,Історія,Ви справжні професіонали!,Позитивний
Петров,Іван,Біологія,Завдання нормально виконано.,Нейтральний
Іванов,Іван,Українська мова,Відмінна робота!,Позитивний
Петров,Олександр,Українська мова,Покращення потребує багато роботи.,Негативний
Коваленко,Олександр,Біологія,Потрібно більше стараності та уваги.,Негативний
Петров,Ольга,Біологія,Результати перевершують очікування!,Позитивний
Коваленко,Олександр,Біологія,Результати перевершують очікування!,Позитивний
Іванов,Марія,Фізика,Відмінна робота!,Позитивний
Смирнов,Марія,Українська мова,Завдання виконано стандартно.,Нейтральний
Петров,Іван,Українська мова,Ваша професійність надзвичайна!,Позитивний
Коваленко,Олександр,Українська мова,Завдання виконано в середньому.,Нейтральний
Петров,Олександр,Біологія,Ваша робота - справжнє діло мистецтва!,Позитивний
Петров,Марія,Фізика,Виконання завдання - це стандарт.,Нейтральний
Сидоренко,Сергій,Фізика,"Робота залишає бажати кращого, потрібно покращити.",Негативний
Смирнов,Олександр,Історія,Ви могли б зробити краще.,Негативний
Іванов,Іван,Історія,Ви могли би зробити набагато краще.,Негативний
Сидоренко,Іван,Українська мова,Покращення потребує багато роботи.,Негативний
Смирнов,Марія,Українська мова,Дуже добре виконана робота!,Позитивний
Петров,Марія,Українська мова,Потрібно надати більше зусиль для покращення роботи.,Негативний
Коваленко,Олександр,Біологія,Відмінна робота!,Позитивний
Іванов,Ольга,Біологія,Ваші здібності бездоганні!,Позитивний
Петров,Ольга,Біологія,Це далеко від ідеального результату.,Негативний
Коваленко,Ольга,Історія,Завдання нормально виконано.,Нейтральний
Іванов,Олександр,Українська мова,Завдання виконано без відчутного внеску.,Нейтральний
Коваленко,Ольга,Біологія,Це вражаюче виконана робота!,Позитивний
Коваленко,Ольга,Історія,Завдання виконано дуже слабо.,Негативний
Коваленко,Марія,Фізика,Ваша професійність надзвичайна!,Позитивний
Коваленко,Сергій,Фізика,Завдання виконано задовільно.,Нейтральний
Петров,Іван,Історія,Результати на рівні середнього.,Нейтральний
Петров,Олександр,Біологія,Покращення потребує багато роботи.,Негативний
Смирнов,Олександр,Історія,Завдання виконано задовільно.,Нейтральний
Іванов,Марія,Історія,Це далеко від ідеального результату.,Негативний
Іванов,Олександр,Біологія,Завдання виконано відповідно до очікувань.,Нейтральний
Сидоренко,Ольга,Фізика,Завдання виконано стандартно.,Нейтральний
Сидоренко,Олександр,Українська мова,Ваша робота нормальна.,Нейтральний
Коваленко,Олександр,Фізика,Ваша продуктивність середня.,Нейтральний
Сидоренко,Марія,Фізика,Ви відмінно справилися!,Позитивний
Смирнов,Ольга,Українська мова,Ваша робота - справжнє діло мистецтва!,Позитивний
Коваленко,Іван,Українська мова,Результати в міру нормальні.,Нейтральний
Смирнов,Олександр,Фізика,Завдання виконано дуже слабо.,Негативний
Коваленко,Олександр,Фізика,Завдання виконано в середньому.,Нейтральний
Сидоренко,Олександр,Фізика,"Робота залишає бажати кращого, потрібно покращити.",Негативний
Смирнов,Сергій,Історія,Ви відмінно справилися!,Позитивний
Коваленко,Ольга,Історія,Це вражаюче виконана робота!,Позитивний
Смирнов,Ольга,Історія,Завдання виконано відповідно до очікувань.,Нейтральний
Смирнов,Ольга,Історія,Це вражаюче виконана робота!,Позитивний
Сидоренко,Іван,Українська мова,Результати в міру нормальні.,Нейтральний
Смирнов,Олександр,Українська мова,Ваша робота нормальна.,Нейтральний
Петров,Сергій,Історія,Завдання виконано погано.,Негативний
Сидоренко,Ольга,Історія,Результати досить середні.,Нейтральний
Сидоренко,Марія,Фізика,Результати перевершують очікування!,Позитивний
Коваленко,Сергій,Біологія,Завдання виконано погано.,Негативний
Коваленко,Іван,Українська мова,"Ваш потенціал вищий, ніж ця робота.",Негативний
Смирнов,Іван,Біологія,"Робота залишає бажати кращого, потрібно покращити.",Негативний
Іванов,Марія,Фізика,Ваша робота вимагає серйозного покращення.,Негативний
Сидоренко,Сергій,Історія,Ваша продуктивність середня.,Нейтральний
Петров,Ольга,Історія,Ваша робота вимагає серйозного покращення.,Негативний
Сидоренко,Сергій,Історія,Покращення потребує багато роботи.,Негативний
Іванов,Олександр,Фізика,Завдання виконано стандартно.,Нейтральний
Смирнов,Олександр,Історія,Результати на рівні середнього.,Нейтральний
Смирнов,Марія,Фізика,Ваша робота вимагає серйозного покращення.,Негативний
Петров,Марія,Історія,Це далеко від ідеального результату.,Негативний
Сидоренко,Іван,Фізика,Завдання виконано задовільно.,Нейтральний
Петров,Олександр,Фізика,Ваша продуктивність середня.,Нейтральний
Петров,Марія,Історія,"Середній результат, який може бути кращим.",Нейтральний
Петров,Марія,Фізика,Ви - справжні герої!,Позитивний
Смирнов,Ольга,Історія,Завдання виконано погано.,Негативний
Смирнов,Іван,Фізика,Завдання виконано задовільно.,Нейтральний
Смирнов,Олександр,Історія,Ви - віртуози!,Позитивний
Коваленко,Марія,Історія,Ваші навички на висоті!,Позитивний
Сидоренко,Сергій,Українська мова,Ви - справжні володарі ремесла!,Позитивний
Сидоренко,Сергій,Біологія,Потрібно покращити виконання.,Негативний
Смирнов,Олександр,Біологія,Завдання виконано дуже не задовільно.,Негативний
Коваленко,Сергій,Українська мова,Це вражаюче виконана робота!,Позитивний
Петров,Ольга,Історія,Завдання виконано з середньою точністю.,Нейтральний
Коваленко,Іван,Історія,Результати далекі від задоволення.,Негативний
Іванов,Марія,Українська мова,Робота відмінно зроблена!,Позитивний
Іванов,Сергій,Біологія,Результати суттєво не вражають.,Негативний
Іванов,Олександр,Українська мова,Результати суттєво не вражають.,Негативний
Петров,Іван,Біологія,Ваша робота - справжнє діло мистецтва!,Позитивний
Петров,Іван,Біологія,Це вкрай не задовільно.,Негативний
Смирнов,Олександр,Українська мова,Робота суттєво не відповідає очікуванням.,Негативний
Смирнов,Сергій,Фізика,"Середній результат, який може бути кращим.",Нейтральний
Коваленко,Олександр,Історія,Робота залишає бажати кращого.,Негативний
Смирнов,Олександр,Українська мова,Робота суттєво не відповідає очікуванням.,Негативний
Смирнов,Марія,Фізика,Завдання виконано дуже не задовільно.,Негативний
Сидоренко,Олександр,Біологія,Завдання виконано погано.,Негативний
Іванов,Ольга,Українська мова,Завдання виконано без особливого фанфаронства.,Нейтральний
Коваленко,Сергій,Біологія,Потрібно покращити виконання.,Негативний
Сидоренко,Олександр,Біологія,Завдання виконано відповідно до очікувань.,Нейтральний
Сидоренко,Ольга,Біологія,Ви - віртуози!,Позитивний
Петров,Ольга,Біологія,Це середнього класу виконана робота.,Нейтральний
Смирнов,Марія,Фізика,Результати досить середні.,Нейтральний
Смирнов,Іван,Історія,Ваша робота нормальна.,Нейтральний
Петров,Олександр,Історія,Завдання виконано стандартно.,Нейтральний
Коваленко,Олександр,Історія,Результати просто зачаровують!,Позитивний
Сидоренко,Іван,Історія,"Ваш потенціал вищий, ніж ця робота.",Негативний
Смирнов,Сергій,Фізика,Ваші досягнення вражають!,Позитивний
Коваленко,Олександр,Біологія,Потрібно надати більше зусиль для покращення роботи.,Негативний
Петров,Ольга,Українська мова,Ви - справжні майстри своєї справи!,Позитивний
Сидоренко,Олександр,Фізика,"Робота прийнятна, але не вражає.",Нейтральний
Іванов,Олександр,Фізика,Завдання нормально виконано.,Нейтральний
Іванов,Ольга,Історія,Ви могли би зробити набагато краще.,Негативний
Смирнов,Сергій,Історія,Результати суттєво не вражають.,Негативний
Сидоренко,Іван,Фізика,Результати досить середні.,Нейтральний
Іванов,Сергій,Біологія,Ваша професійність надзвичайна!,Позитивний
Сидоренко,Ольга,Українська мова,Завдання виконано дуже слабо.,Негативний
Сидоренко,Іван,Фізика,Ви могли би зробити набагато краще.,Негативний
Петров,Сергій,Біологія,"Робота прийнятна, але не вражає.",Нейтральний
Іванов,Іван,Фізика,Ви справжні професіонали!,Позитивний
Смирнов,Марія,Українська мова,Завдання виконано без особливого фанфаронства.,Нейтральний
Петров,Ольга,Українська мова,Ви могли би зробити набагато краще.,Негативний
Сидоренко,Сергій,Українська мова,Потрібно більше стараності та уваги.,Негативний
Смирнов,Ольга,Фізика,Завдання виконано стандартно.,Нейтральний
Сидоренко,Ольга,Історія,Результати не вражають.,Негативний
Петров,Олександр,Українська мова,Результати на рівні середнього.,Нейтральний
Петров,Ольга,Українська мова,Виконання завдання - це стандарт.,Нейтральний
Коваленко,Іван,Історія,"Робота залишає бажати кращого, потрібно покращити.",Негативний
Петров,Іван,Біологія,Ваша робота відповідає стандартам.,Нейтральний
Петров,Марія,Історія,Потрібно більше стараності та уваги.,Негативний
Смирнов,Іван,Біологія,"Робота залишає бажати кращого, потрібно покращити.",Негативний
Смирнов,Іван,Українська мова,"Робота залишає бажати кращого, потрібно покращити.",Негативний
Сидоренко,Сергій,Історія,Завдання виконано задовільно.,Нейтральний
Коваленко,Іван,Біологія,"Середній результат, який може бути кращим.",Нейтральний
Петров,Ольга,Біологія,Завдання виконано дуже слабо.,Негативний
Петров,Марія,Історія,Завдання виконано погано.,Негативний
Смирнов,Сергій,Фізика,"Робота залишає бажати кращого, потрібно покращити.",Негативний
Сидоренко,Ольга,Українська мова,"Середній результат, який може бути кращим.",Нейтральний
Петров,Олександр,Біологія,"Це те, що очікувалось.",Нейтральний
Іванов,Олександр,Українська мова,Потрібно надати більше зусиль для покращення роботи.,Негативний
Петров,Сергій,Фізика,Ви могли б зробити краще.,Негативний
Коваленко,Ольга,Історія,Ви - справжні володарі ремесла!,Позитивний
Коваленко,Іван,Біологія,Ваші навички на середньому рівні.,Нейтральний
Коваленко,Олександр,Фізика,Завдання виконано з середньою точністю.,Нейтральний
Коваленко,Ольга,Історія,Ви - справжні майстри своєї справи!,Позитивний
Іванов,Іван,Біологія,Завдання виконано недостатньо задовільно.,Негативний
Петров,Сергій,Історія,"Робота прийнятна, але не вражає.",Нейтральний
Сидоренко,Олександр,Біологія,Ваші здібності бездоганні!,Позитивний
Петров,Олександр,Біологія,Потрібно надати більше зусиль для покращення роботи.,Негативний
Петров,Марія,Фізика,Потрібно покращити виконання.,Негативний
Смирнов,Олександр,Фізика,Ви - справжні аматори.,Негативний
Іванов,Олександр,Фізика,Ви могли б зробити краще.,Негативний
Сидоренко,Сергій,Історія,Результати просто зачаровують!,Позитивний
Коваленко,Марія,Фізика,Ви могли би зробити набагато краще.,Негативний
Петров,Ольга,Українська мова,Ваші навички на середньому рівні.,Нейтральний
Петров,Сергій,Фізика,Завдання виконано дуже не задовільно.,Негативний
Петров,Марія,Фізика,Завдання нормально виконано.,Нейтральний
Смирнов,Марія,Історія,"Середній результат, який може бути кращим.",Нейтральний
Петров,Ольга,Українська мова,Ваші досягнення вражають!,Позитивний
Сидоренко,Марія,Українська мова,Результати в міру нормальні.,Нейтральний
Коваленко,Олександр,Історія,"Робота залишає бажати кращого, потрібно покращити.",Негативний
Петров,Олександр,Біологія,Завдання виконано задовільно.,Нейтральний
Петров,Ольга,Біологія,Покращення потребує багато роботи.,Негативний
Коваленко,Олександр,Фізика,Вражаюче!,Позитивний
Смирнов,Ольга,Фізика,Результати середні.,Нейтральний
Петров,Сергій,Історія,"Це те, що очікувалось.",Нейтральний
Сидоренко,Марія,Біологія,Покращення потребує багато роботи.,Негативний
Петров,Олександр,Біологія,Результати суттєво не вражають.,Негативний
Коваленко,Іван,Біологія,Це вражаюче виконана робота!,Позитивний
Петров,Ольга,Фізика,Ваша робота відповідає стандартам.,Нейтральний
Коваленко,Олександр,Історія,Ваша робота неймовірно вражає!,Позитивний
Іванов,Сергій,Фізика,Результати не вражають.,Негативний
Смирнов,Олександр,Фізика,Ви могли б зробити краще.,Негативний
Петров,Ольга,Біологія,Ваші здібності бездоганні!,Позитивний
Смирнов,Марія,Українська мова,Потрібно більше стараності та уваги.,Негативний
Смирнов,Ольга,Українська мова,Ви - незмінні лідери!,Позитивний
Смирнов,Марія,Історія,Ваші здібності бездоганні!,Позитивний
Іванов,Сергій,Біологія,Ваша продуктивність середня.,Нейтральний
Петров,Ольга,Історія,Ви - віртуози!,Позитивний
Смирнов,Іван,Біологія,Завдання виконано дуже не задовільно.,Негативний
Сидоренко,Сергій,Фізика,Ваша продуктивність середня.,Нейтральний
Петров,Марія,Фізика,Потрібно надати більше зусиль для покращення роботи.,Негативний
Смирнов,Іван,Фізика,Ви найкращі!,Позитивний
Петров,Олександр,Біологія,Завдання виконано стандартно.,Нейтральний
Коваленко,Олександр,Фізика,Це вкрай не задовільно.,Негативний
Петров,Олександр,Історія,Робота залишає бажати кращого.,Негативний
Петров,Марія,Історія,Завдання виконано без особливого фурору.,Нейтральний
Смирнов,Сергій,Фізика,Робота відмінно зроблена!,Позитивний
Сидоренко,Ольга,Фізика,Завдання виконано недостатньо задовільно.,Негативний
Іванов,Ольга,Історія,Потрібно надати більше зусиль для покращення роботи.,Негативний
Сидоренко,Іван,Українська мова,Це вкрай не задовільно.,Негативний
Петров,Ольга,Фізика,Ваша робота нормальна.,Нейтральний
Іванов,Ольга,Біологія,Завдання виконано стандартно.,Нейтральний
Петров,Іван,Біологія,Ваші здібності бездоганні!,Позитивний
Коваленко,Сергій,Українська мова,Відмінна робота!,Позитивний
Коваленко,Сергій,Фізика,"Це те, що очікувалось.",Нейтральний
Петров,Марія,Історія,Робота залишає бажати кращого.,Негативний
Смирнов,Ольга,Фізика,Робота суттєво не відповідає очікуванням.,Негативний
Коваленко,Олександр,Історія,Результати просто зачаровують!,Позитивний
Петров,Марія,Українська мова,Ви - незмінні лідери!,Позитивний
Коваленко,Ольга,Історія,Ви - справжні магістрі!,Позитивний
Коваленко,Іван,Фізика,Ваші навички на середньому рівні.,Нейтральний
Петров,Марія,Історія,Результати досить середні.,Нейтральний
Петров,Іван,Українська мова,Ваша професійність надзвичайна!,Позитивний
Сидоренко,Олександр,Фізика,Ваша робота неймовірно вражає!,Позитивний
Петров,Марія,Українська мова,Робота суттєво не відповідає очікуванням.,Негативний
Іванов,Марія,Історія,"Ваш потенціал вищий, ніж ця робота.",Негативний
Смирнов,Олександр,Українська мова,Ви - віртуози!,Позитивний
Іванов,Сергій,Історія,Завдання виконано дуже слабо.,Негативний
Коваленко,Іван,Історія,Результати просто зачаровують!,Позитивний
Сидоренко,Ольга,Історія,Ваші навички на висоті!,Позитивний
Петров,Олександр,Українська мова,Робота відмінно зроблена!,Позитивний
Сидоренко,Сергій,Фізика,Завдання виконано відповідно до очікувань.,Нейтральний
Смирнов,Сергій,Українська мова,"Ваш потенціал вищий, ніж ця робота.",Негативний
Петров,Олександр,Фізика,Ви найкращі!,Позитивний
Смирнов,Іван,Біологія,Виконання завдання - це стандарт.,Нейтральний
Коваленко,Олександр,Історія,Завдання нормально виконано.,Нейтральний
Петров,Марія,Фізика,Робота вас підкорила!,Позитивний
Петров,Сергій,Історія,"Ваш потенціал вищий, ніж ця робота.",Негативний
Петров,Сергій,Фізика,Ваша робота - справжнє діло мистецтва!,Позитивний
Сидоренко,Сергій,Біологія,Ви - справжні володарі ремесла!,Позитивний
Іванов,Іван,Фізика,"Ваш потенціал вищий, ніж ця робота.",Негативний
Сидоренко,Сергій,Фізика,Потрібно більше стараності та уваги.,Негативний
Сидоренко,Марія,Українська мова,Завдання виконано без особливого фанфаронства.,Нейтральний
Іванов,Олександр,Історія,Вражаюче!,Позитивний
Смирнов,Іван,Фізика,Це середнього класу виконана робота.,Нейтральний
Іванов,Олександр,Біологія,"Робота прийнятна, але не вражає.",Нейтральний
Іванов,Марія,Українська мова,Робота суттєво не відповідає очікуванням.,Негативний
Сидоренко,Ольга,Історія,Робота відмінно зроблена!,Позитивний
Сидоренко,Іван,Біологія,Ваші навички на висоті!,Позитивний
Сидоренко,Марія,Історія,Завдання нормально виконано.,Нейтральний
Іванов,Ольга,Фізика,Ви - справжні аматори.,Негативний
Петров,Марія,Українська мова,Результати перевершують очікування!,Позитивний
Смирнов,Марія,Біологія,Потрібно більше стараності та уваги.,Негативний
Петров,Ольга,Біологія,Потрібно надати більше зусиль для покращення роботи.,Негативний
Петров,Сергій,Українська мова,Робота залишає бажати кращого.,Негативний
Смирнов,Сергій,Фізика,"Робота прийнятна, але не вражає.",Нейтральний
Коваленко,Ольга,Фізика,Завдання виконано без особливого фанфаронства.,Нейтральний
Петров,Іван,Біологія,Ваші навички на висоті!,Позитивний
Смирнов,Іван,Біологія,Це середнього рівня виконана робота.,Нейтральний
Смирнов,Олександр,Історія,"Робота прийнятна, але не вражає.",Нейтральний
Смирнов,Іван,Біологія,Результати на рівні середнього.,Нейтральний
Петров,Ольга,Історія,Ваша робота відповідає стандартам.,Нейтральний
Сидоренко,Сергій,Фізика,Завдання виконано погано.,Негативний
Іванов,Ольга,Біологія,Завдання виконано стандартно.,Нейтральний
Смирнов,Ольга,Біологія,Результати на рівні середнього.,Нейтральний
Іванов,Сергій,Біологія,Ваша робота - справжнє діло мистецтва!,Позитивний
Смирнов,Сергій,Фізика,Покращення потребує багато роботи.,Негативний
Коваленко,Сергій,Українська мова,Результати на рівні середнього.,Нейтральний
Сидоренко,Марія,Біологія,"Робота прийнятна, але не вражає.",Нейтральний
Іванов,Марія,Українська мова,Завдання виконано недостатньо задовільно.,Негативний
Коваленко,Сергій,Історія,Потрібно більше стараності та уваги.,Негативний
Петров,Іван,Історія,Ви - справжні чарівники!,Позитивний
Іванов,Марія,Історія,Ваші досягнення вражають!,Позитивний
Сидоренко,Іван,Історія,"Це те, що очікувалось.",Нейтральний
Смирнов,Марія,Історія,Завдання виконано відповідно до очікувань.,Нейтральний
Коваленко,Ольга,Біологія,Ви - незмінні лідери!,Позитивний
Іванов,Ольга,Фізика,Ваша робота - справжнє діло мистецтва!,Позитивний
Коваленко,Сергій,Фізика,Результати на рівні середнього.,Нейтральний
Сидоренко,Іван,Біологія,Вражаюче!,Позитивний
Сидоренко,Марія,Українська мова,Завдання виконано дуже слабо.,Негативний
Іванов,Ольга,Історія,Завдання виконано недостатньо задовільно.,Негативний
Сидоренко,Сергій,Фізика,Ваша професійність надзвичайна!,Позитивний
Сидоренко,Сергій,Історія,Це вкрай не задовільно.,Негативний
Іванов,Іван,Історія,Ваші досягнення вражають!,Позитивний
Сидоренко,Сергій,Фізика,Результати далекі від задоволення.,Негативний
Коваленко,Іван,Фізика,Ваша робота неймовірно вражає!,Позитивний
Сидоренко,Ольга,Історія,Завдання виконано без особливого фанфаронства.,Нейтральний
Коваленко,Сергій,Українська мова,Завдання виконано дуже слабо.,Негативний
Смирнов,Марія,Українська мова,Дуже добре виконана робота!,Позитивний
Петров,Сергій,Історія,Результати в міру нормальні.,Нейтральний
Петров,Іван,Біологія,Ви - справжні магістрі!,Позитивний
Іванов,Іван,Українська мова,Завдання виконано дуже слабо.,Негативний
Іванов,Олександр,Фізика,Завдання виконано стандартно.,Нейтральний
Смирнов,Іван,Історія,Ви могли би зробити набагато краще.,Негативний
Петров,Іван,Історія,Вражаюче!,Позитивний
Коваленко,Марія,Історія,Результати в міру нормальні.,Нейтральний
Петров,Ольга,Українська мова,Результати на рівні середнього.,Нейтральний
Сидоренко,Сергій,Українська мова,Покращення потребує багато роботи.,Негативний
Петров,Марія,Українська мова,Результати перевершують очікування!,Позитивний
Сидоренко,Марія,Біологія,Це вражаюче виконана робота!,Позитивний
Іванов,Олександр,Фізика,Ваші досягнення вражають!,Позитивний
Смирнов,Марія,Фізика,Завдання виконано без відчутного внеску.,Нейтральний
Сидоренко,Марія,Українська мова,"Середній результат, який може бути кращим.",Нейтральний
Сидоренко,Олександр,Біологія,Завдання виконано в середньому.,Нейтральний
Петров,Іван,Фізика,Це вкрай не задовільно.,Негативний
Коваленко,Сергій,Українська мова,Завдання виконано без особливого фурору.,Нейтральний
Іванов,Іван,Українська мова,Робота залишає бажати кращого.,Негативний
Коваленко,Олександр,Історія,Покращення потребує багато роботи.,Негативний
Смирнов,Сергій,Біологія,Ваша професійність надзвичайна!,Позитивний
Коваленко,Іван,Біологія,Потрібно надати більше зусиль для покращення роботи.,Негативний
Смирнов,Олександр,Історія,"Ваш потенціал вищий, ніж ця робота.",Негативний
Петров,Сергій,Історія,Робота залишає бажати кращого.,Негативний
Смирнов,Іван,Історія,Результати перевершують очікування!,Позитивний
Смирнов,Ольга,Біологія,Ви справжні професіонали!,Позитивний
Сидоренко,Іван,Біологія,Результати просто зачаровують!,Позитивний
Іванов,Іван,Українська мова,Результати не вражають.,Негативний
Іванов,Олександр,Українська мова,Це далеко від ідеального результату.,Негативний
Петров,Сергій,Історія,"Робота прийнятна, але не вражає.",Нейтральний
Петров,Олександр,Фізика,Це далеко від ідеального результату.,Негативний
Коваленко,Олександр,Українська мова,Завдання виконано погано.,Негативний
Іванов,Олександр,Біологія,Робота суттєво не відповідає очікуванням.,Негативний
Іванов,Іван,Українська мова,Завдання нормально виконано.,Нейтральний
Коваленко,Іван,Українська мова,Ваша робота нормальна.,Нейтральний
Петров,Іван,Фізика,Завдання виконано погано.,Негативний
Смирнов,Марія,Біологія,Завдання нормально виконано.,Нейтральний
Іванов,Ольга,Біологія,"Це те, що очікувалось.",Нейтральний
Сидоренко,Іван,Біологія,Це вражаюче виконана робота!,Позитивний
Іванов,Іван,Фізика,Виконання завдання - це стандарт.,Нейтральний
Сидоренко,Марія,Біологія,Ваші здібності бездоганні!,Позитивний
Сидоренко,Іван,Історія,"Робота залишає бажати кращого, потрібно покращити.",Негативний
Смирнов,Ольга,Історія,Завдання виконано дуже не задовільно.,Негативний
Петров,Сергій,Історія,Ви - незмінні лідери!,Позитивний
Смирнов,Іван,Українська мова,Результати далекі від задоволення.,Негативний
Сидоренко,Олександр,Українська мова,"Робота залишає бажати кращого, потрібно покращити.",Негативний
Смирнов,Олександр,Біологія,Ваша робота вимагає серйозного покращення.,Негативний
Іванов,Сергій,Фізика,Потрібно надати більше зусиль для покращення роботи.,Негативний
Сидоренко,Олександр,Українська мова,Виконання завдання - це стандарт.,Нейтральний
Петров,Олександр,Фізика,"Це те, що очікувалось.",Нейтральний
Петров,Олександр,Історія,Ваша робота неймовірно вражає!,Позитивний
Іванов,Марія,Біологія,Результати далекі від задоволення.,Негативний
Смирнов,Іван,Історія,Результати середні.,Нейтральний
Смирнов,Марія,Історія,Виконання завдання - це стандарт.,Нейтральний
Сидоренко,Іван,Історія,Ваша робота нормальна.,Нейтральний
Смирнов,Ольга,Історія,Ваша майстерність на висоті!,Позитивний
Іванов,Ольга,Біологія,Завдання виконано без особливого фанфаронства.,Нейтральний
Іванов,Сергій,Біологія,Потрібно більше стараності та уваги.,Негативний
Іванов,Олександр,Фізика,Результати середні.,Нейтральний
Смирнов,Марія,Українська мова,Ваша робота неймовірно вражає!,Позитивний
Сидоренко,Іван,Біологія,Завдання виконано відповідно до очікувань.,Нейтральний
Петров,Іван,Історія,Ваша робота неймовірно вражає!,Позитивний
Петров,Іван,Історія,Ви - справжні володарі ремесла!,Позитивний
Сидоренко,Марія,Українська мова,"Середній результат, який може бути кращим.",Нейтральний
Коваленко,Олександр,Історія,Ви - справжні володарі ремесла!,Позитивний
Іванов,Олександр,Біологія,Ваша робота - справжнє діло мистецтва!,Позитивний
Коваленко,Олександр,Історія,Ваша майстерність на висоті!,Позитивний
Петров,Олександр,Історія,Ви могли б зробити краще.,Негативний
Сидоренко,Іван,Біологія,Завдання виконано відповідно до очікувань.,Нейтральний
Іванов,Ольга,Фізика,Завдання виконано в середньому.,Нейтральний
Петров,Олександр,Історія,Завдання виконано без особливого фанфаронства.,Нейтральний
Смирнов,Марія,Фізика,Це далеко від ідеального результату.,Негативний
Іванов,Ольга,Біологія,Завдання виконано без особливого фурору.,Нейтральний
Сидоренко,Іван,Фізика,Завдання виконано дуже не задовільно.,Негативний
Смирнов,Сергій,Біологія,Результати середні.,Нейтральний
Сидоренко,Іван,Історія,Завдання виконано стандартно.,Нейтральний
Іванов,Олександр,Біологія,Це середнього рівня виконана робота.,Нейтральний
Іванов,Марія,Українська мова,Потрібно покращити виконання.,Негативний
Смирнов,Сергій,Українська мова,Це вражаюче виконана робота!,Позитивний
Смирнов,Сергій,Біологія,Ваша продуктивність середня.,Нейтральний
Сидоренко,Марія,Фізика,"Робота прийнятна, але не вражає.",Нейтральний
Петров,Марія,Фізика,Завдання виконано стандартно.,Нейтральний
Смирнов,Іван,Фізика,Завдання виконано недостатньо задовільно.,Негативний
Петров,Ольга,Історія,Ваші досягнення вражають!,Позитивний
Коваленко,Сергій,Українська мова,Ви - справжні чарівники!,Позитивний
Петров,Іван,Історія,Робота вас підкорила!,Позитивний
Петров,Олександр,Історія,Це середнього рівня виконана робота.,Нейтральний
Сидоренко,Марія,Фізика,Ви - незмінні лідери!,Позитивний
Коваленко,Марія,Українська мова,Ви справжні зірки!,Позитивний
Сидоренко,Олександр,Українська мова,Завдання виконано недостатньо задовільно.,Негативний
Петров,Сергій,Біологія,Завдання виконано дуже слабо.,Негативний
